id,city,area,kind,title,blurb,address,lat,lng,schedule_kind,offset_minutes,day_offset,hour,minute,duration_min,price,tags,image,image_credit,coords_source
ct-cafe-chiffon,cape-town,Green Point,place,Café Chiffon,Small café tucked into the Old Cape Quarter courtyard. Good for a slow morning that doesn't turn into a whole plan.,"SHOP GF007, Old Cape Quarter, 72 Waterkant St, Green Point",-33.9060,18.4100,clock,,0,8,30,60,,coffee|food,/images/cafe-chiffon.jpg,TODO,provisional
ct-truth-coffee,cape-town,City Bowl,place,Truth Coffee Roasting,"Roastery and café on Buitenkant, as known for the steampunk fit-out as the coffee. Busy from opening.","36 Buitenkant St, Cape Town City Centre",-33.9250,18.4180,clock,,0,8,0,60,,coffee|food,/images/truth-coffee.jpg,TODO,provisional
ct-the-ladder,cape-town,City Bowl,place,The Ladder,Bree Street spot for a long breakfast or a working hour with a flat white.,"136 Bree St, Cape Town City Centre",-33.9250,18.4180,clock,,0,9,0,60,,coffee|food,/images/the-ladder.jpg,TODO,provisional
ct-strangers-club,cape-town,Green Point,place,The Strangers Club,"Neighbourhood café and bar off Braemar. Quiet in the morning, considerably less so later.","1 Braemar Rd, Green Point",-33.9060,18.4100,clock,,0,9,0,90,,coffee|food|social,/images/strangers-club.jpg,TODO,provisional
ct-hudsons,cape-town,Claremont,place,Hudsons,"Burgers and a room that stays loud. Go with people, not a book.","25 Protea Rd, Claremont",-33.9830,18.4650,clock,,0,18,30,90,,food|social,/images/hudsons.jpg,TODO,provisional
ct-the-barn,cape-town,Rondebosch,place,The Barn Restaurant,"Rondebosch standby on Klipfontein. Unfussy, reliable, easy to get a table.","Klipfontein Rd, Rondebosch",-33.9600,18.4750,clock,,0,18,30,90,,food,/images/the-barn.jpg,TODO,provisional
ct-hussar-grill,cape-town,Mouille Point,place,The Hussar Grill,Steak on Beach Road with the sea across the way. Book if it's a Friday.,"New Cumberland Building, Beach Rd, Mouille Point",-33.8990,18.4090,clock,,0,19,0,120,,food,/images/hussar-grill.jpg,TODO,provisional
ct-mulberry-prince,cape-town,City Bowl,place,Mulberry & Prince,"Pepper Street kitchen doing a short, changing menu. Small room, book ahead.","12 Pepper St, Cape Town City Centre",-33.9250,18.4180,clock,,0,19,0,120,,food,/images/mulberry-prince.jpg,TODO,provisional
ct-happy-uncles,cape-town,Salt River,place,The Happy Uncles,"Halal fine dining on Voortrekker Road. A proper sit-down evening, ten minutes from Woodstock.","100 Voortrekker Rd, Salt River",-33.9300,18.4650,clock,,0,19,0,120,,food|halal,/images/happy-uncles.jpg,TODO,provisional
ct-cecilia-forest,cape-town,Wynberg,event,Cecilia Forest climb,"Pine forest switchbacks up the back of the mountain, with a waterfall if you carry on. Shaded most of the way.","Cecilia Forest Hiking Trail, Wynberg",-34.0020,18.4670,clock,,1,7,0,150,,hiking|outdoors,/images/cecilia-forest.jpg,TODO,provisional
ct-silvermine,cape-town,Silvermine,event,Silvermine reservoir walk,Flat loop around the reservoir with the whole peninsula on either side. Easy enough to talk the whole way.,"Table Mountain National Park, Silvermine",-34.0900,18.4100,clock,,1,8,0,120,,hiking|outdoors|nature,/images/silvermine.jpg,TODO,provisional
ct-kloof-corner,cape-town,Table Mountain,event,Kloof Corner at golden hour,"Forty-five minutes up, the best view in the city, and back down before dark. Bring a jacket.","Contour Path, Table Mountain",-33.9620,18.4090,clock,,0,17,30,90,,hiking|outdoors,/images/kloof-corner.jpg,TODO,provisional
ct-newlands-forest,cape-town,Newlands,event,Newlands Forest run,Trails under the pines with the contour path if you want more. Cool even when town is baking.,"Table Mountain National Park, Newlands",-33.9770,18.4530,clock,,1,7,30,90,,running|hiking|outdoors,/images/newlands-forest.jpg,TODO,provisional
ct-mamma-mia,cape-town,Foreshore,event,MAMMA MIA! at Artscape,"The musical, full staging, at Artscape. The kind of night out you book for other people and then enjoy more than they do.","Artscape Theatre Centre, D.F. Malan St, Foreshore",-33.9190,18.4310,clock,,0,19,30,150,,live-shows|theatre|art,/images/mamma-mia.jpg,TODO,provisional
ct-womad,cape-town,Foreshore,event,WOMAD South Africa,"World music across several stages at Artscape — heritage, collaboration, and a lot of people dancing badly.","Artscape Theatre Centre, D.F. Malan St, Foreshore",-33.9190,18.4310,clock,,1,16,0,300,,live-shows|music|social|heritage,/images/womad.jpg,TODO,provisional
ct-extreme-festival,cape-town,Killarney Gardens,event,Extreme Festival at Killarney,"Motorsport day at Killarney. Loud, hot, and completely absorbing whether or not you know what you're watching.","6 Potsdam Rd, Table View",-33.8260,18.5250,clock,,1,10,0,360,,social|outdoors|motorsport,/images/extreme-festival.jpg,TODO,provisional
ct-clay-cafe-hout-bay,cape-town,Hout Bay,place,Clay Café Hout Bay,"Pick a piece, paint it, they fire it and you collect it later. Two hours disappear.","4080 Hout Bay Main Rd, Hout Bay",-34.0380,18.3540,clock,,0,10,0,120,,making|pottery|family,/images/clay-cafe-hout-bay.jpg,TODO,provisional
ct-city-rock,cape-town,Paarden Eiland,place,City Rock,Indoor climbing in Paarden Eiland. Walls for people who've never done it and walls for people who have.,"9 Milner St, Paarden Eiland",-33.9060,18.4750,clock,,0,17,0,120,,fitness|climbing|social,/images/city-rock.jpg,TODO,provisional
ct-rush-claremont,cape-town,Claremont,place,Rush Extreme,"Trampolines, foam pits, and a heart rate you weren't expecting. Better with a group.","25 Stegman Rd, Claremont",-33.9830,18.4650,clock,,0,16,0,90,,fitness|social|family,/images/rush.jpg,TODO,provisional
ct-kayak-adventures,cape-town,V&A Waterfront,event,Sunrise kayak from Battery Park,"Out past the harbour wall at first light. Seals most mornings, whales if you're lucky.","Battery Park, Dock Rd, V&A Waterfront",-33.9040,18.4200,clock,,1,6,30,120,,outdoors|paddling|nature,/images/kayak-adventures.jpg,TODO,provisional
ct-acrobranch,cape-town,Hout Bay,place,Acrobranch Hout Bay,Rope courses through the trees at increasing heights. You will find out quite quickly how you feel about heights.,"1 Hout Bay Main Rd, Hout Bay",-34.0380,18.3540,clock,,0,10,0,150,,outdoors|fitness|family,/images/acrobranch.jpg,TODO,provisional
ct-paragliding,cape-town,Signal Hill,event,Tandem paraglide off Signal Hill,Run off the side of Signal Hill strapped to someone who's done it a thousand times. Landing is on the Sea Point side.,"2 Signal Hill Rd, Signal Hill",-33.9150,18.4030,clock,,0,16,0,60,,outdoors,/images/paragliding.jpg,TODO,provisional
ct-chefs-studio,cape-town,City Bowl,event,Evening class at The Chefs Studio,"Bree Street kitchen, a small class, and something you can actually cook again on a Tuesday.","103 Bree St, Cape Town City Centre",-33.9250,18.4180,clock,,0,18,0,180,,making|cooking|food|social,/images/chefs-studio.jpg,TODO,provisional
ct-faeezas-kitchen,cape-town,Bo-Kaap,event,Cooking with Faeeza,"Home kitchen in the Bo-Kaap. You cook, you eat what you cooked, and you leave with the recipes.","Chiappini Ln, Schotsche Kloof",-33.9200,18.4130,clock,,0,11,0,180,,making|cooking|food|halal|heritage,/images/faeezas-kitchen.jpg,TODO,provisional
ct-bokaap-cooking-tour,cape-town,Bo-Kaap,event,Bo-Kaap cooking tour,"Walk the neighbourhood, then cook in it. Half history lesson, half lunch.","46 Rose St, Schotsche Kloof",-33.9200,18.4130,clock,,1,10,0,240,,making|cooking|heritage|food,/images/bokaap-cooking-tour.jpg,TODO,provisional
ct-clay-hands,cape-town,Woodstock,event,Wheel throwing at Clay Hands,Two hours at the wheel on Victoria Road. You will make something wonky and you will keep it.,"196 Victoria Rd, Woodstock",-33.9270,18.4470,offset,22,,,,120,,making|pottery,/images/clay-hands.jpg,TODO,provisional
ct-sasha-leon,cape-town,Gardens,event,Make a ring in a day,"Silversmithing in a Gardens studio — cut, solder, file, polish, wear it home.","4 Wembley Rd, Gardens",-33.9310,18.4110,clock,,1,9,30,300,,making,/images/sasha-leon.jpg,TODO,provisional
ct-clay-cafe-century-city,cape-town,Century City,place,Clay Café Century City,"Same idea as Hout Bay, closer to town, and indoors when the wind is up.","37 Bridgeway, Century City",-33.8930,18.5100,clock,,0,10,0,120,,making|pottery|family,/images/clay-cafe-century-city.jpg,TODO,provisional
ct-zeitz-mocaa,cape-town,V&A Waterfront,place,Zeitz MOCAA,Contemporary African art inside a converted grain silo. Worth it for the atrium alone.,"S Arm Rd, V&A Waterfront",-33.9040,18.4200,clock,,0,10,0,120,,art,/images/zeitz-mocaa.jpg,TODO,provisional
ct-artscape,cape-town,Foreshore,place,Artscape Theatre Centre,"The city's main stage. Whatever's on this week, it's on here.","D.F. Malan St, Foreshore",-33.9190,18.4310,clock,,0,19,30,150,,art|live-shows|theatre,/images/artscape.jpg,TODO,provisional
ct-safra-gala,cape-town,Parow,event,SAFRA Heritage Gala,An evening of heritage performance in Parow. Dress for it.,"20 Picton St, Parow",-33.9010,18.5950,clock,,1,18,0,210,,live-shows|heritage|social,/images/safra-gala.jpg,TODO,provisional
ct-cape-ballet,cape-town,Gardens,event,Cape Ballet Africa,Contemporary ballet from a young company. Shorter than you expect and much better.,"2 Hof St, Gardens",-33.9310,18.4110,clock,,0,19,0,120,,art|live-shows|theatre,/images/cape-ballet.jpg,TODO,provisional
ct-create-sewing,cape-town,Observatory,event,Sewing studio evening,"Lower Main Road studio with machines, patterns and someone to stop you ruining the fabric.","142 Lower Main Rd, Observatory",-33.9390,18.4690,clock,,0,18,0,150,,making|fashion,/images/create-sewing.jpg,TODO,provisional
ct-yolo-fiesta,cape-town,City Bowl,event,YOLO Fiesta,"Long Street, loud, late. Go if that's the evening you're after.","38 Long St, Cape Town City Centre",-33.9250,18.4180,clock,,0,21,0,240,,social|music,/images/yolo-fiesta.jpg,TODO,provisional
ct-fashion-week,cape-town,Kenilworth,event,Cape Town Fashion Week,Runway shows at Kenilworth Racecourse. Half the interest is the crowd outside.,"Hollywoodbets Kenilworth Racecourse, 105 Rosmead Ave, Kenilworth",-33.9950,18.4770,clock,,1,17,0,240,,fashion|art|social,/images/fashion-week.jpg,TODO,provisional
ct-nantes-race,cape-town,Athlone,event,Nantes Heritage Race,Road race through Athlone with a community behind it. Entry on the day.,"Cross Blvd, Athlone",-33.9640,18.5100,clock,,1,6,30,120,,running|heritage|social,/images/nantes-race.jpg,TODO,provisional
ct-sanlam-marathon,cape-town,Green Point,event,Sanlam Cape Town Marathon,"The big one. Green Point start, the whole city out on the pavement.","Fritz Sonnenberg Rd, Green Point",-33.9060,18.4100,clock,,1,6,0,300,,running,/images/sanlam-marathon.jpg,TODO,provisional
ct-run-promenade,cape-town,Green Point,event,Run the promenade,"Flat, lit, and busy with other runners. The easiest 5k in the city to commit to.","100 Beach Rd, Green Point",-33.9060,18.4100,clock,,0,18,0,60,Free,running|outdoors|social,/images/run-promenade.jpg,TODO,provisional
ct-ladles-of-love,cape-town,Epping,event,Ladles of Love packing shift,Two hours on the line in Epping packing meals. Go with someone; the time passes faster.,"Unit 4, Hewett Park, 17 Hewett Ave, Epping",-33.9350,18.5450,clock,,1,9,0,120,Free,giving-back|social,/images/ladles-of-love.jpg,TODO,provisional
ct-islamic-relief,cape-town,Lansdowne,event,Islamic Relief volunteer morning,"Sorting and distribution from the Lansdowne office. Show up, they'll find you a job.","396 Imam Haron Rd, Lansdowne",-33.9880,18.5030,clock,,1,9,0,180,Free,giving-back|social,/images/islamic-relief.jpg,TODO,provisional
ct-gift-of-the-givers,cape-town,Belthorn Estate,event,Gift of the Givers packing,Disaster-response packing in Belthorn. Unglamorous and completely worth the morning.,"4 Arbeids Rd, Belthorn Estate",-33.9920,18.5150,clock,,1,9,0,180,Free,giving-back|social,/images/gift-of-the-givers.jpg,TODO,provisional
ct-sanccob,cape-town,Table View,place,SANCCOB seabird centre,"Penguin and seabird rehabilitation in Table View. You can visit, and you can help.","22 Pentz Dr, Table View",-33.8200,18.4900,clock,,0,10,0,90,,giving-back|nature|family,/images/sanccob.jpg,TODO,provisional
ct-two-oceans-aquarium,cape-town,V&A Waterfront,place,Two Oceans Aquarium,"Where two oceans meet, indoors, with a kelp forest tank you'll stand in front of for longer than planned.","Dock Rd, V&A Waterfront",-33.9040,18.4200,clock,,0,10,0,120,,social|nature|family,/images/two-oceans.jpg,TODO,provisional
ct-trash-bash,cape-town,Muizenberg,event,Trash Bash beach clean,"An hour on Sunrise Beach with bags and gloves, followed by coffee. Genuinely satisfying.","Sunrise Beach, Muizenberg",-34.1030,18.4700,clock,,1,8,0,90,Free,giving-back|outdoors|beach|social,/images/trash-bash.jpg,TODO,provisional
ct-greenpop,cape-town,Woodstock,event,Greenpop planting day,"Tree planting run out of the Mountain Road hub in Woodstock. Dirt under the fingernails, four blocks from here.","107 Mountain Rd, Woodstock",-33.9270,18.4470,clock,,1,9,0,240,,giving-back|outdoors|nature,/images/greenpop.jpg,TODO,provisional
ct-grotto-spa,cape-town,Gardens,place,The Grotto Spa,"Hydrotherapy and quiet up at Greys Pass. Go in wound up, come out useless.","Greys Pass, Gardens",-33.9310,18.4110,clock,,0,10,0,120,,wellness,/images/grotto-spa.jpg,TODO,provisional
ct-seasonal-reset,cape-town,Zonnebloem,event,The Seasonal Reset,An afternoon at Nova Core to stop and take stock. More practical than it sounds.,"Nova Core, 47 De Villiers St, Zonnebloem",-33.9320,18.4290,clock,,1,14,0,180,,wellness|social,/images/seasonal-reset.jpg,TODO,provisional
ct-flow-lab,cape-town,City Bowl,event,Flow Lab Friday,"Breathwork and movement on Loop Street to close out the week. Ninety minutes, no experience needed.","Habitus Wellness, 61 Loop St, Cape Town City Centre",-33.9250,18.4180,clock,,0,17,30,90,,wellness|fitness,/images/flow-lab.jpg,TODO,provisional
ct-lifestyle-padel,cape-town,Claremont,event,Padel at Stadium on Main,Easiest racket sport to pick up and the hardest to stop playing. Courts book out after five.,"Mezzanine level, Stadium on Main, 99 Main Rd, Claremont",-33.9830,18.4650,clock,,0,18,0,90,,fitness|social,/images/lifestyle-padel.jpg,TODO,provisional
ct-garys-surf-school,cape-town,Muizenberg,event,Learn to surf at Muizenberg,Gary's has been putting beginners on boards at Surfers Corner for decades. Wetsuit included.,"Balmoral Building, 34 Beach Rd, Muizenberg",-34.1030,18.4700,clock,,1,9,0,120,,fitness|outdoors|surfing|beach,/images/garys-surf.jpg,TODO,provisional
ct-cycle-tour,cape-town,Rondebosch,event,Cape Town Cycle Tour,109km around the peninsula with thirty thousand other people. Train for it or suffer beautifully.,"65 Ave De Mist, Rondebosch",-33.9600,18.4750,clock,,1,6,0,360,,fitness|outdoors|cycling,/images/cycle-tour.jpg,TODO,provisional
ct-story-jam,cape-town,City Bowl,event,Story Jam,True stories told live on Loop Street by people who are not performers. Consistently the best night out in town.,"35 Loop St, Cape Town City Centre",-33.9250,18.4180,clock,,0,19,30,150,,live-shows|social,/images/story-jam.jpg,TODO,provisional
ct-first-thursdays,cape-town,City Bowl,event,First Thursdays,Galleries and shops stay open late and the whole city centre walks around. Start on Church Street.,"1 Orphan Ln, Cape Town City Centre",-33.9250,18.4180,clock,,0,17,0,300,Free,art|social,/images/first-thursdays.jpg,TODO,provisional
ct-obz-quiz-night,cape-town,Observatory,event,Quiz night in Obz,"Lower Main Road, teams of four, and one round you will argue about afterwards.","Shop 5, 170 Lower Main Rd, Observatory",-33.9390,18.4690,clock,,0,19,30,150,,social,/images/obz-quiz.jpg,TODO,provisional
